id,activitydate,totalsteps,totaldistance,trackerdistance,loggedactivitiesdistance,veryactivedistance,moderatelyactivedistance,lightactivedistance,sedentaryactivedistance,veryactiveminutes,fairlyactiveminutes,lightlyactiveminutes,sedentaryminutes,calories,totalsleeprecords,totalminutesasleep,totaltimeinbed
1503960366,2016-04-12,13162,8.5,8.5000000000000,0.0000000000000,1.8799999952316,0.5500000119209,6.0599999427795,0,25,13,328,728,1985,1,327,346
1503960366,2016-04-13,10735,6.96999979019165,6.9699997901917,0.0000000000000,1.5700000524521,0.6899999976158,4.7100000381470,0,21,19,217,776,1797,2,384,407
1503960366,2016-04-15,9762,6.28000020980835,6.2800002098084,0.0000000000000,2.1400001049042,1.2599999904633,2.8299999237061,0,29,34,209,726,1745,1,412,442
1503960366,2016-04-16,12669,8.15999984741211,8.1599998474121,0.0000000000000,2.7100000381470,0.4099999964237,5.0399999618530,0,36,10,221,773,1863,2,340,367
1503960366,2016-04-17,9705,6.48000001907349,6.4800000190735,0.0000000000000,3.1900000572205,0.7799999713898,2.5099999904633,0,38,20,164,539,1728,1,700,712
1503960366,2016-04-19,15506,9.88000011444092,9.8800001144409,0.0000000000000,3.5299999713898,1.3200000524521,5.0300002098084,0,50,31,264,775,2035,1,304,320
1503960366,2016-04-20,10544,6.67999982833862,6.6799998283386,0.0000000000000,1.9600000381470,0.4799999892712,4.2399997711182,0,28,12,205,818,1786,1,360,377
1503960366,2016-04-21,9819,6.34000015258789,6.3400001525879,0.0000000000000,1.3400000333786,0.3499999940395,4.6500000953674,0,19,8,211,838,1775,1,325,364
1503960366,2016-04-23,14371,9.03999996185303,9.0399999618530,0.0000000000000,2.8099999427795,0.8700000047684,5.3600001335144,0,41,21,262,732,1949,1,361,384
1503960366,2016-04-24,10039,6.40999984741211,6.4099998474121,0.0000000000000,2.9200000762940,0.2099999934435,3.2799999713898,0,39,5,238,709,1788,1,430,449
1503960366,2016-04-25,15355,9.80000019073486,9.8000001907349,0.0000000000000,5.2899999618530,0.5699999928474,3.9400000572205,0,73,14,216,814,2013,1,277,323
1503960366,2016-04-26,13755,8.78999996185303,8.7899999618530,0.0000000000000,2.3299999237061,0.9200000166893,5.5399999618530,0,31,23,279,833,1970,1,245,274
1503960366,2016-04-28,13154,8.52999973297119,8.5299997329712,0.0000000000000,3.5399999618530,1.1599999666214,3.7899999618530,0,48,28,189,782,1898,1,366,393
1503960366,2016-04-29,11181,7.15000009536743,7.1500000953674,0.0000000000000,1.0599999427795,0.5000000000000,5.5799999237061,0,16,12,243,815,1837,1,341,354
1503960366,2016-04-30,14673,9.25,9.2500000000000,0.0000000000000,3.5599999427795,1.4199999570847,4.2699999809265,0,52,34,217,712,1947,1,404,425
1503960366,2016-05-01,10602,6.80999994277954,6.8099999427795,0.0000000000000,2.2899999618530,1.6000000238419,2.9200000762940,0,33,35,246,730,1820,1,369,396
1503960366,2016-05-02,14727,9.71000003814697,9.7100000381470,0.0000000000000,3.2100000381470,0.5699999928474,5.9200000762940,0,41,15,277,798,2004,1,277,309
1503960366,2016-05-03,15103,9.65999984741211,9.6599998474121,0.0000000000000,3.7300000190735,1.0499999523163,4.8800001144409,0,50,24,254,816,1990,1,273,296
1503960366,2016-05-05,14070,8.89999961853027,8.8999996185303,0.0000000000000,2.9200000762940,1.0800000429153,4.8800001144409,0,45,24,250,857,1959,1,247,264
1503960366,2016-05-06,12159,8.02999973297119,8.0299997329712,0.0000000000000,1.9700000286102,0.2500000000000,5.8099999427795,0,24,6,289,754,1896,1,334,367
1503960366,2016-05-07,11992,7.71000003814697,7.7100000381470,0.0000000000000,2.4600000381470,2.1199998855591,3.1300001144409,0,37,46,175,833,1821,1,331,349
1503960366,2016-05-08,10060,6.57999992370605,6.5799999237061,0.0000000000000,3.5299999713898,0.3199999928474,2.7300000190735,0,44,8,203,574,1740,1,594,611
1503960366,2016-05-09,12022,7.71999979019165,7.7199997901917,0.0000000000000,3.4500000476837,0.5299999713898,3.7400000095367,0,46,11,206,835,1819,1,338,342
1503960366,2016-05-10,12207,7.76999998092651,7.7699999809265,0.0000000000000,3.3499999046326,1.1599999666214,3.2599999904633,0,46,31,214,746,1859,1,383,403
1503960366,2016-05-11,12770,8.13000011444092,8.1300001144409,0.0000000000000,2.5599999427795,1.0099999904633,4.5500001907349,0,36,23,251,669,1783,1,285,306
1644430081,2016-04-29,3176,2.30999994277954,2.3099999427795,0.0000000000000,0.0000000000000,0.0000000000000,2.3099999427795,0,0,0,120,1193,2498,1,119,127
1644430081,2016-04-30,18213,13.2399997711182,13.2399997711182,0.0000000000000,0.6299999952316,3.1400001049042,9.4600000381470,0,9,71,402,816,3846,1,124,142
1644430081,2016-05-02,3758,2.73000001907349,2.7300000190735,0.0000000000000,0.0700000002980,0.3100000023842,2.3499999046326,0,1,7,148,682,2580,1,796,961
1644430081,2016-05-08,6724,4.8899998664856,4.8899998664856,0.0000000000000,0.0000000000000,0.0000000000000,4.8800001144409,0,0,0,295,991,2987,1,137,154
1844505072,2016-04-15,3844,2.53999996185303,2.5399999618530,0.0000000000000,0.0000000000000,0.0000000000000,2.5399999618530,0,0,0,176,527,1725,1,644,961
1844505072,2016-04-30,4014,2.67000007629395,2.6700000762940,0.0000000000000,0.0000000000000,0.0000000000000,2.6500000953674,0,0,0,184,218,1763,1,722,961
1844505072,2016-05-01,2573,1.70000004768372,1.7000000476837,0.0000000000000,0.0000000000000,0.2599999904633,1.4500000476837,0,0,7,75,585,1541,1,590,961
1927972279,2016-04-12,678,0.469999998807907,0.4699999988079,0.0000000000000,0.0000000000000,0.0000000000000,0.4699999988079,0,0,0,55,734,2220,3,750,775
1927972279,2016-04-13,356,0.25,0.2500000000000,0.0000000000000,0.0000000000000,0.0000000000000,0.2500000000000,0,0,0,32,986,2151,1,398,422
1927972279,2016-04-15,980,0.680000007152557,0.6800000071526,0.0000000000000,0.0000000000000,0.0000000000000,0.6800000071526,0,0,0,51,941,2221,2,475,499
1927972279,2016-04-26,3761,2.59999990463257,2.5999999046326,0.0000000000000,0.0000000000000,0.0000000000000,2.5999999046326,0,0,0,192,1058,2638,1,296,315
1927972279,2016-04-28,1675,1.1599999666214,1.1599999666214,0.0000000000000,0.0000000000000,0.0000000000000,1.1599999666214,0,0,0,95,1167,2351,1,166,178
2026352035,2016-04-12,4414,2.74000000953674,2.7400000095367,0.0000000000000,0.1899999976158,0.3499999940395,2.2000000476837,0,3,8,181,706,1459,1,503,546
2026352035,2016-04-13,4993,3.09999990463257,3.0999999046326,0.0000000000000,0.0000000000000,0.0000000000000,3.0999999046326,0,0,0,238,663,1521,1,531,565
2026352035,2016-04-14,3335,2.0699999332428,2.0699999332428,0.0000000000000,0.0000000000000,0.0000000000000,2.0499999523163,0,0,0,197,653,1431,1,545,568
2026352035,2016-04-15,3821,2.36999988555908,2.3699998855591,0.0000000000000,0.0000000000000,0.0000000000000,2.3699998855591,0,0,0,188,687,1444,1,523,573
2026352035,2016-04-16,2547,1.58000004291534,1.5800000429153,0.0000000000000,0.0000000000000,0.0000000000000,1.5800000429153,0,0,0,150,728,1373,1,524,567
2026352035,2016-04-17,838,0.519999980926514,0.5199999809265,0.0000000000000,0.0000000000000,0.0000000000000,0.5199999809265,0,0,0,60,1053,1214,1,437,498
2026352035,2016-04-19,2424,1.5,1.5000000000000,0.0000000000000,0.0000000000000,0.0000000000000,1.5000000000000,0,0,0,141,785,1356,1,498,540
2026352035,2016-04-20,7222,4.48000001907349,4.4800000190735,0.0000000000000,0.0000000000000,0.0000000000000,4.4800000190735,0,0,0,327,623,1667,1,461,510
2026352035,2016-04-21,2467,1.52999997138977,1.5299999713898,0.0000000000000,0.0000000000000,0.0000000000000,1.5299999713898,0,0,0,153,749,1370,1,477,514
2026352035,2016-04-22,2915,1.80999994277954,1.8099999427795,0.0000000000000,0.0000000000000,0.0000000000000,1.8099999427795,0,0,0,162,712,1399,1,520,545
2026352035,2016-04-23,12357,7.71000003814697,7.7100000381470,0.0000000000000,0.0000000000000,0.0000000000000,7.7100000381470,0,0,0,432,458,1916,1,522,554
2026352035,2016-04-24,3490,2.16000008583069,2.1600000858307,0.0000000000000,0.0000000000000,0.0000000000000,2.1600000858307,0,0,0,164,704,1401,1,555,591
2026352035,2016-04-25,6017,3.73000001907349,3.7300000190735,0.0000000000000,0.0000000000000,0.0000000000000,3.7300000190735,0,0,0,260,821,1576,1,506,531
2026352035,2016-04-27,6088,3.76999998092651,3.7699999809265,0.0000000000000,0.0000000000000,0.0000000000000,3.7699999809265,0,0,0,286,586,1593,1,508,545
2026352035,2016-04-28,6375,3.95000004768372,3.9500000476837,0.0000000000000,0.0000000000000,0.0000000000000,3.9500000476837,0,0,0,331,626,1649,1,513,545
2026352035,2016-04-29,7604,4.71000003814697,4.7100000381470,0.0000000000000,0.0000000000000,0.0000000000000,4.7100000381470,0,0,0,352,492,1692,1,490,510
2026352035,2016-04-30,4729,2.9300000667572,2.9300000667572,0.0000000000000,0.0000000000000,0.0000000000000,2.9300000667572,0,0,0,233,594,1506,1,573,607
2026352035,2016-05-01,3609,2.27999997138977,2.2799999713898,0.0000000000000,0.0000000000000,0.0000000000000,2.2799999713898,0,0,0,191,716,1447,1,527,546
2026352035,2016-05-02,7018,4.34999990463257,4.3499999046326,0.0000000000000,0.0000000000000,0.0000000000000,4.3499999046326,0,0,0,355,716,1690,1,511,543
2026352035,2016-05-04,6564,4.07000017166138,4.0700001716614,0.0000000000000,0.0000000000000,0.0000000000000,4.0700001716614,0,0,0,345,530,1658,1,538,560
2026352035,2016-05-05,12167,7.53999996185303,7.5399999618530,0.0000000000000,0.0000000000000,0.0000000000000,7.5399999618530,0,0,0,475,479,1926,1,468,485
2026352035,2016-05-06,8198,5.07999992370605,5.0799999237061,0.0000000000000,0.0000000000000,0.0000000000000,5.0799999237061,0,0,0,383,511,1736,1,524,548
2026352035,2016-05-07,4193,2.59999990463257,2.5999999046326,0.0000000000000,0.0000000000000,0.0000000000000,2.5999999046326,0,0,0,229,665,1491,1,511,521
2026352035,2016-05-08,5528,3.45000004768372,3.4500000476837,0.0000000000000,0.0000000000000,0.0000000000000,3.4500000476837,0,0,0,258,610,1555,1,541,568
2026352035,2016-05-09,10685,6.61999988555908,6.6199998855591,0.0000000000000,0.0000000000000,0.0000000000000,6.5999999046326,0,0,0,401,543,1869,1,531,556
2026352035,2016-05-10,254,0.159999996423721,0.1599999964237,0.0000000000000,0.0000000000000,0.0000000000000,0.1599999964237,0,0,0,17,1002,1141,1,357,380
2026352035,2016-05-11,8580,5.32000017166138,5.3200001716614,0.0000000000000,0.0000000000000,0.0000000000000,5.3200001716614,0,0,0,330,569,1698,1,523,553
2026352035,2016-05-12,8891,5.51000022888184,5.5100002288818,0.0000000000000,0.0000000000000,0.0000000000000,5.5100002288818,0,0,0,343,330,1364,1,456,485
2320127002,2016-04-23,5079,3.42000007629395,3.4200000762940,0.0000000000000,0.0000000000000,0.0000000000000,3.4200000762940,0,0,0,242,1129,1804,1,61,69
2347167796,2016-04-13,10352,7.01000022888184,7.0100002288818,0.0000000000000,1.6599999666214,1.9400000572205,3.4100000858307,0,19,32,195,676,2038,1,467,531
2347167796,2016-04-14,10129,6.69999980926514,6.6999998092651,0.0000000000000,0.0199999995530,2.7400000095367,3.9400000572205,0,1,48,206,705,2010,1,445,489
2347167796,2016-04-15,10465,6.92000007629395,6.9200000762940,0.0000000000000,0.0700000002980,1.4199999570847,5.4299998283386,0,1,24,284,720,2133,1,452,504
2347167796,2016-04-17,5472,3.61999988555908,3.6199998855591,0.0000000000000,0.0799999982119,0.2800000011921,3.2599999904633,0,1,7,249,508,1882,1,556,602
2347167796,2016-04-18,8247,5.44999980926514,5.4499998092651,0.0000000000000,0.7900000214577,0.8600000143051,3.7899999618530,0,11,16,206,678,1944,1,500,557
2347167796,2016-04-19,6711,4.44000005722046,4.4400000572205,0.0000000000000,0.0000000000000,0.0000000000000,4.4400000572205,0,0,7,382,648,2346,1,465,514
2347167796,2016-04-21,10080,6.75,6.7500000000000,0.0000000000000,1.8500000238419,1.5299999713898,3.3800001144409,0,23,26,208,761,2048,1,460,484
2347167796,2016-04-22,7804,5.15999984741211,5.1599998474121,0.0000000000000,0.5600000023842,1.6799999475479,2.9200000762940,0,9,27,206,781,1946,1,405,461
2347167796,2016-04-23,16901,11.3699998855591,11.3699998855591,0.0000000000000,2.7799999713898,1.4500000476837,7.1500000953674,0,32,35,360,591,2629,1,374,386
2347167796,2016-04-24,9471,6.26000022888184,6.2600002288818,0.0000000000000,0.0000000000000,0.0000000000000,6.2600002288818,0,0,0,360,584,2187,1,442,459
2347167796,2016-04-25,9482,6.38000011444092,6.3800001144409,0.0000000000000,1.2699999809265,0.5199999809265,4.5999999046326,0,15,11,277,653,2095,1,433,471
2347167796,2016-04-26,5980,3.95000004768372,3.9500000476837,0.0000000000000,0.0000000000000,0.0000000000000,3.9500000476837,0,0,0,227,732,1861,1,436,490
2347167796,2016-04-27,11423,7.57999992370605,7.5799999237061,0.0000000000000,1.8600000143051,0.4000000059605,5.3200001716614,0,26,9,295,623,2194,1,448,499
2347167796,2016-04-28,5439,3.59999990463257,3.5999999046326,0.0000000000000,0.0000000000000,0.0000000000000,3.5999999046326,0,0,0,229,764,1854,1,408,450
2347167796,2016-04-29,42,0.0299999993294477,0.0299999993294,0.0000000000000,0.0000000000000,0.0000000000000,0.0299999993294,0,0,0,4,2,403,1,411,473
3977333714,2016-04-12,8856,5.98000001907349,5.9800000190735,0.0000000000000,3.0599999427795,0.9100000262260,2.0099999904633,0,44,19,131,777,1450,1,274,469
3977333714,2016-04-13,10035,6.71000003814697,6.7100000381470,0.0000000000000,2.0299999713898,2.1300001144409,2.5499999523163,0,31,46,153,754,1495,2,295,456
3977333714,2016-04-14,7641,5.1100001335144,5.1100001335144,0.0000000000000,0.3199999928474,0.9700000286102,3.8199999332428,0,5,23,214,801,1433,1,291,397
3977333714,2016-04-15,9010,6.05999994277954,6.0599999427795,0.0000000000000,1.0499999523163,1.7500000000000,3.2599999904633,0,15,42,183,644,1468,1,424,556
3977333714,2016-04-16,13459,9,9.0000000000000,0.0000000000000,2.0299999713898,4.0000000000000,2.9700000286102,0,31,83,153,663,1625,1,283,510
3977333714,2016-04-17,10415,6.96999979019165,6.9699997901917,0.0000000000000,0.6999999880791,2.3499999046326,3.9200000762940,0,11,58,205,600,1529,1,381,566
3977333714,2016-04-18,11663,7.80000019073486,7.8000001907349,0.0000000000000,0.2500000000000,3.7300000190735,3.8199999332428,0,4,95,214,605,1584,2,412,522
3977333714,2016-04-19,12414,8.77999973297119,8.7799997329712,0.0000000000000,2.2400000095367,2.4500000476837,3.9600000381470,0,19,67,221,738,1638,1,219,395
3977333714,2016-04-20,11658,7.82999992370605,7.8299999237061,0.0000000000000,0.2000000029802,4.3499999046326,3.2799999713898,0,2,98,164,845,1554,2,152,305
3977333714,2016-04-21,6093,4.07999992370605,4.0799999237061,0.0000000000000,0.0000000000000,0.0000000000000,4.0599999427795,0,0,0,242,712,1397,1,332,512
3977333714,2016-04-22,8911,5.96000003814697,5.9600000381470,0.0000000000000,2.3299999237061,0.5799999833107,3.0599999427795,0,33,12,188,731,1481,1,355,476
3977333714,2016-04-23,12058,8.06999969482422,8.0699996948242,0.0000000000000,0.0000000000000,4.2199997901917,3.8499999046326,0,0,92,252,724,1638,1,235,372
3977333714,2016-04-24,14112,10,10.0000000000000,0.0000000000000,3.2699999809265,4.5599999427795,2.1700000762940,0,30,95,129,660,1655,1,310,526
3977333714,2016-04-25,11177,8.47999954223633,8.4799995422363,0.0000000000000,5.6199998855591,0.4300000071526,2.4100000858307,0,50,9,133,781,1570,1,262,467
3977333714,2016-04-26,11388,7.61999988555908,7.6199998855591,0.0000000000000,0.4499999880791,4.2199997901917,2.9500000476837,0,7,95,170,797,1551,1,250,371
3977333714,2016-04-27,7193,5.03999996185303,5.0399999618530,0.0000000000000,0.0000000000000,0.4199999868870,4.6199998855591,0,0,10,176,714,1377,1,349,540
3977333714,2016-04-28,7114,4.88000011444092,4.8800001144409,0.0000000000000,1.3700000047684,0.2899999916554,3.2200000286102,0,15,8,190,804,1407,1,261,423
3977333714,2016-04-29,10645,7.75,7.7500000000000,0.0000000000000,3.7400000095367,1.2999999523163,2.7100000381470,0,36,32,150,744,1545,1,333,478
3977333714,2016-04-30,13238,9.19999980926514,9.1999998092651,0.0000000000000,3.6900000572205,2.0999999046326,3.4100000858307,0,43,52,194,687,1650,1,237,382
3977333714,2016-05-01,10414,7.07000017166138,7.0700001716614,0.0000000000000,2.6700000762940,1.9800000190735,2.4100000858307,0,41,40,124,691,1501,1,383,626
3977333714,2016-05-02,16520,11.0500001907349,11.0500001907349,0.0000000000000,1.5399999618530,6.4800000190735,3.0199999809265,0,24,143,176,713,1760,1,230,384
3977333714,2016-05-03,14335,9.59000015258789,9.5900001525879,0.0000000000000,3.3199999332428,1.7400000095367,4.5300002098084,0,47,41,258,594,1710,1,292,500
3977333714,2016-05-04,13559,9.4399995803833,9.4399995803833,0.0000000000000,1.8099999427795,4.5799999237061,2.8900001049042,0,14,96,142,852,1628,1,213,336
3977333714,2016-05-05,12312,8.57999992370605,8.5799999237061,0.0000000000000,1.7599999904633,4.1100001335144,2.7100000381470,0,14,88,178,680,1618,1,318,480
3977333714,2016-05-06,11677,8.27999973297119,8.2799997329712,0.0000000000000,3.1099998950958,2.5099999904633,2.6700000762940,0,29,55,168,676,1590,1,323,512
3977333714,2016-05-07,11550,7.73000001907349,7.7300000190735,0.0000000000000,0.0000000000000,4.1300001144409,3.5899999141693,0,0,86,208,703,1574,1,237,443
3977333714,2016-05-08,13585,9.09000015258789,9.0900001525879,0.0000000000000,0.6800000071526,5.2399997711182,3.1700000762940,0,9,116,171,688,1633,2,259,456
3977333714,2016-05-10,13072,8.77999973297119,8.7799997329712,0.0000000000000,0.0700000002980,5.4000000953674,3.3099999427795,0,1,115,196,676,1630,1,312,452
4020332650,2016-04-12,8539,6.11999988555908,6.1199998855591,0.0000000000000,0.1500000059605,0.2399999946356,5.6799998283386,0,4,15,331,712,3654,1,501,541
4020332650,2016-04-16,1982,1.41999995708466,1.4199999570847,0.0000000000000,0.4499999880791,0.3700000047684,0.5899999737740,0,65,21,55,1222,3051,1,77,77
4020332650,2016-05-03,4496,3.22000002861023,3.2200000286102,0.0000000000000,0.0000000000000,0.0000000000000,3.1500000953674,0,0,0,174,950,2828,1,322,332
4020332650,2016-05-04,10252,7.34999990463257,7.3499999046326,0.0000000000000,0.6700000166893,1.0399999618530,5.5799999237061,0,13,46,346,531,3879,1,478,536
4020332650,2016-05-05,11728,8.43000030517578,8.4300003051758,0.0000000000000,2.6199998855591,1.6799999475479,4.0399999618530,0,38,42,196,916,3429,1,226,248
4020332650,2016-05-06,4369,3.13000011444092,3.1300001144409,0.0000000000000,0.0000000000000,0.0000000000000,3.0999999046326,0,0,0,177,855,2704,1,385,408
4020332650,2016-05-08,5862,4.19999980926514,4.1999998092651,0.0000000000000,0.0000000000000,0.0000000000000,4.1500000953674,0,0,0,263,775,3089,1,364,402
4020332650,2016-05-10,5546,3.98000001907349,3.9800000190735,0.0000000000000,0.0000000000000,0.0000000000000,3.8699998855591,0,0,0,206,774,2926,1,442,494
4319703577,2016-04-14,10210,6.88000011444092,6.8800001144409,0.0000000000000,0.1099999994040,0.3300000131130,6.4400000572205,0,1,9,339,589,2302,1,535,557
4319703577,2016-04-15,5664,3.79999995231628,3.7999999523163,0.0000000000000,0.0000000000000,0.0000000000000,3.7999999523163,0,0,0,228,752,1985,1,465,491
4319703577,2016-04-16,4744,3.1800000667572,3.1800000667572,0.0000000000000,0.0000000000000,0.0000000000000,3.1800000667572,0,0,0,194,724,1884,1,506,522
4319703577,2016-04-18,2276,1.54999995231628,1.5499999523163,0.0000000000000,0.0700000002980,0.3300000131130,1.1200000047684,0,1,9,58,824,1632,1,515,551
4319703577,2016-04-19,8925,5.98999977111816,5.9899997711182,0.0000000000000,0.0000000000000,0.0000000000000,5.9899997711182,0,0,0,311,604,2200,2,461,498
4319703577,2016-04-20,8954,6.01000022888184,6.0100002288818,0.0000000000000,0.0000000000000,0.6800000071526,5.3099999427795,0,0,18,306,671,2220,1,523,543
4319703577,2016-04-21,3702,2.48000001907349,2.4800000190735,0.0000000000000,0.0000000000000,0.0000000000000,0.3499999940395,0,0,0,34,1265,1792,1,59,65
4319703577,2016-04-22,4500,3.01999998092651,3.0199999809265,0.0000000000000,0.0599999986589,0.8100000023842,2.1500000953674,0,1,19,176,709,1886,1,533,550
4319703577,2016-04-23,4935,3.30999994277954,3.3099999427795,0.0000000000000,0.0000000000000,0.0000000000000,3.3099999427795,0,0,0,233,546,1945,1,692,722
4319703577,2016-04-24,4081,2.74000000953674,2.7400000095367,0.0000000000000,0.0599999986589,0.2000000029802,2.4700000286102,0,1,5,191,692,1880,1,467,501
4319703577,2016-04-25,9259,6.21000003814697,6.2100000381470,0.0000000000000,0.0000000000000,0.2800000011921,5.9299998283386,0,0,8,390,544,2314,1,488,506
4319703577,2016-04-26,9899,6.6399998664856,6.6399998664856,0.0000000000000,0.5699999928474,0.9200000166893,5.1500000953674,0,8,21,288,649,2236,1,505,516
4319703577,2016-04-27,10780,7.23000001907349,7.2300000190735,0.0000000000000,0.4099999964237,1.9199999570847,4.9099998474121,0,6,47,300,680,2324,1,286,307
4319703577,2016-04-28,10817,7.28000020980835,7.2800002098084,0.0000000000000,1.0099999904633,0.3300000131130,5.9400000572205,0,13,8,359,552,2367,1,497,522
4319703577,2016-04-29,7990,5.3600001335144,5.3600001335144,0.0000000000000,0.4499999880791,0.7900000214577,4.1199998855591,0,6,18,289,624,2175,1,523,546
4319703577,2016-04-30,8221,5.51999998092651,5.5199999809265,0.0000000000000,0.4000000059605,1.6100000143051,3.5099999904633,0,6,38,196,695,2092,1,490,516
4319703577,2016-05-01,1251,0.839999973773956,0.8399999737740,0.0000000000000,0.0000000000000,0.0000000000000,0.8399999737740,0,0,0,67,836,1593,1,484,500
4319703577,2016-05-02,9261,6.23999977111816,6.2399997711182,0.0000000000000,0.0000000000000,0.4399999976158,5.7100000381470,0,0,11,344,585,2270,1,478,506
4319703577,2016-05-03,9648,6.46999979019165,6.4699997901917,0.0000000000000,0.5799999833107,1.0700000524521,4.8299999237061,0,8,26,287,669,2235,1,474,512
4319703577,2016-05-06,9524,6.42000007629395,6.4200000762940,0.0000000000000,0.4099999964237,0.4699999988079,5.4600000381470,0,6,11,314,692,2266,1,450,491
4319703577,2016-05-07,7937,5.32999992370605,5.3299999237061,0.0000000000000,0.1899999976158,1.0499999523163,4.0799999237061,0,3,28,279,586,2158,1,507,530
4319703577,2016-05-08,3672,2.46000003814697,2.4600000381470,0.0000000000000,0.0000000000000,0.0000000000000,2.4600000381470,0,0,0,153,603,1792,1,602,638
4319703577,2016-05-09,10378,6.96000003814697,6.9600000381470,0.0000000000000,0.1400000005960,0.5600000023842,6.2500000000000,0,2,14,374,490,2345,1,535,565
4319703577,2016-05-10,9487,6.36999988555908,6.3699998855591,0.0000000000000,0.2099999934435,0.4600000083447,5.6999998092651,0,3,12,329,555,2260,1,487,517
4319703577,2016-05-11,9129,6.13000011444092,6.1300001144409,0.0000000000000,0.2000000029802,0.7400000095367,5.1799998283386,0,3,18,311,574,2232,1,529,558
4319703577,2016-05-12,17,0.00999999977648258,0.0099999997765,0.0000000000000,0.0000000000000,0.0000000000000,0.0099999997765,0,0,0,2,0,257,1,302,321
4388161847,2016-04-15,8758,6.73000001907349,6.7300000190735,0.0000000000000,0.0000000000000,0.0000000000000,6.7300000190735,0,0,0,299,837,3066,1,499,526
4388161847,2016-04-16,6580,5.05999994277954,5.0599999427795,0.0000000000000,0.2099999934435,0.4000000059605,4.4499998092651,0,6,9,253,609,3073,2,426,448
4388161847,2016-04-17,4660,3.57999992370605,3.5799999237061,0.0000000000000,0.0000000000000,0.0000000000000,3.5799999237061,0,0,0,201,721,2572,2,619,641
4388161847,2016-04-18,11009,9.10000038146973,9.1000003814697,0.0000000000000,3.5599999427795,0.4000000059605,5.1399998664856,0,27,8,239,1017,3274,1,99,104
4388161847,2016-04-19,10181,7.82999992370605,7.8299999237061,0.0000000000000,1.3700000047684,0.6899999976158,5.7699999809265,0,20,16,249,704,3015,1,329,338
4388161847,2016-04-20,10553,8.11999988555908,8.1199998855591,0.0000000000000,1.1000000238419,1.7200000286102,5.2899999618530,0,19,42,228,696,3083,1,421,451
4388161847,2016-04-21,10055,7.73000001907349,7.7300000190735,0.0000000000000,0.3700000047684,0.3899999856949,6.9800000190735,0,7,12,272,853,3069,1,442,458
4388161847,2016-04-22,12139,9.34000015258789,9.3400001525879,0.0000000000000,3.2999999523163,1.1100000143051,4.9200000762940,0,77,25,220,945,3544,1,82,85
4388161847,2016-04-23,13236,10.1800003051758,10.1800003051758,0.0000000000000,4.5000000000000,0.3199999928474,5.3499999046326,0,58,5,215,749,3306,1,478,501
4388161847,2016-04-24,10243,7.88000011444092,7.8800001144409,0.0000000000000,1.0800000429153,0.5099999904633,6.3000001907349,0,14,8,239,584,2885,3,552,595
4388161847,2016-04-26,9461,7.28000020980835,7.2800002098084,0.0000000000000,0.9399999976158,1.0599999427795,5.2699999809265,0,14,23,224,673,2929,1,319,346
4388161847,2016-04-27,11193,8.60999965667725,8.6099996566773,0.0000000000000,0.6999999880791,2.5099999904633,5.3899998664856,0,11,48,241,684,3074,1,439,500
4388161847,2016-04-28,10074,7.75,7.7500000000000,0.0000000000000,1.2899999618530,0.4300000071526,6.0300002098084,0,19,9,234,878,2969,1,428,458
4388161847,2016-04-30,12533,9.64000034332275,9.6400003433228,0.0000000000000,0.6999999880791,2.0000000000000,6.9400000572205,0,14,43,300,537,3283,2,409,430
4388161847,2016-05-01,10255,7.8899998664856,7.8899998664856,0.0000000000000,1.0099999904633,0.6800000071526,6.1999998092651,0,12,15,241,579,2926,1,547,597
4388161847,2016-05-02,10096,8.39999961853027,8.3999996185303,0.0000000000000,3.7699999809265,0.0799999982119,4.5500001907349,0,33,4,204,935,3147,2,368,376
4388161847,2016-05-04,12375,9.52000045776367,9.5200004577637,0.0000000000000,2.7899999618530,0.9300000071526,5.8000001907349,0,35,21,251,632,3162,1,390,414
4388161847,2016-05-05,9603,7.38000011444092,7.3800001144409,0.0000000000000,0.6299999952316,1.6699999570847,5.0900001525879,0,12,39,199,896,2899,1,471,495
4388161847,2016-05-05,9603,7.38000011444092,7.3800001144409,0.0000000000000,0.6299999952316,1.6699999570847,5.0900001525879,0,12,39,199,896,2899,1,471,495
4388161847,2016-05-07,22770,17.5400009155273,17.5400009155273,0.0000000000000,9.4499998092651,2.7699999809265,5.3299999237061,0,120,56,260,508,4022,1,472,496
4388161847,2016-05-08,17298,14.3800001144409,14.3800001144409,0.0000000000000,9.8900003433228,1.2599999904633,3.2300000190735,0,107,38,178,576,3934,2,529,541
4388161847,2016-05-09,10218,7.8600001335144,7.8600001335144,0.0000000000000,0.3400000035763,0.7300000190735,6.7899999618530,0,6,19,258,1020,3013,1,62,65
4388161847,2016-05-10,10299,7.92000007629395,7.9200000762940,0.0000000000000,0.8100000023842,0.6499999761581,6.4600000381470,0,13,14,267,648,3061,1,354,375
4388161847,2016-05-11,10201,7.84000015258789,7.8400001525879,0.0000000000000,0.5299999713898,0.7900000214577,6.5300002098084,0,8,18,256,858,2954,1,469,494
4445114986,2016-04-12,3276,2.20000004768372,2.2000000476837,0.0000000000000,0.0000000000000,0.0000000000000,2.2000000476837,0,0,0,196,787,2113,2,429,457
4445114986,2016-04-13,2961,1.99000000953674,1.9900000095367,0.0000000000000,0.0000000000000,0.0000000000000,1.9900000095367,0,0,0,194,840,2095,2,370,406
4445114986,2016-04-14,3974,2.67000007629395,2.6700000762940,0.0000000000000,0.0000000000000,0.0000000000000,2.6700000762940,0,0,0,231,717,2194,1,441,492
4445114986,2016-04-15,7198,4.82999992370605,4.8299999237061,0.0000000000000,0.0000000000000,0.0000000000000,4.8299999237061,0,0,0,350,711,2496,2,337,379
4445114986,2016-04-16,3945,2.65000009536743,2.6500000953674,0.0000000000000,0.0000000000000,0.0000000000000,2.6500000953674,0,0,0,225,716,2180,1,462,499
4445114986,2016-04-17,2268,1.51999998092651,1.5199999809265,0.0000000000000,0.0000000000000,0.0000000000000,1.5199999809265,0,0,0,114,1219,1933,1,98,107
4445114986,2016-04-19,2064,1.38999998569489,1.3899999856949,0.0000000000000,0.0000000000000,0.0000000000000,1.3899999856949,0,0,0,121,895,1954,2,388,424
4445114986,2016-04-20,2072,1.38999998569489,1.3899999856949,0.0000000000000,0.0000000000000,0.0000000000000,1.3899999856949,0,0,0,137,841,1974,1,439,462
4445114986,2016-04-21,3809,2.55999994277954,2.5599999427795,0.0000000000000,0.0000000000000,0.0000000000000,2.5399999618530,0,0,0,215,756,2150,1,436,469
4445114986,2016-04-22,6831,4.57999992370605,4.5799999237061,0.0000000000000,0.0000000000000,0.0000000000000,4.5799999237061,0,0,0,317,706,2432,1,388,417
4445114986,2016-04-25,3385,2.26999998092651,2.2699999809265,0.0000000000000,0.0000000000000,0.0000000000000,2.2699999809265,0,0,0,179,916,2070,1,328,345
4445114986,2016-04-26,6326,4.40999984741211,4.4099998474121,0.0000000000000,2.4100000858307,0.0399999991059,1.9600000381470,0,29,1,180,839,2291,2,353,391
4445114986,2016-04-27,7243,5.03000020980835,5.0300002098084,0.0000000000000,2.6199998855591,0.0299999993294,2.3800001144409,0,32,1,194,839,2361,1,332,374
4445114986,2016-04-28,4493,3.00999999046326,3.0099999904633,0.0000000000000,0.0000000000000,0.0000000000000,3.0099999904633,0,0,0,236,762,2203,1,419,442
4445114986,2016-04-29,4676,3.14000010490417,3.1400001049042,0.0000000000000,0.0000000000000,0.0000000000000,3.1300001144409,0,0,0,226,1106,2196,1,106,108
4445114986,2016-04-30,6222,4.17999982833862,4.1799998283386,0.0000000000000,0.0000000000000,0.0000000000000,4.1799998283386,0,0,0,290,797,2363,1,322,353
4445114986,2016-05-01,5232,3.50999999046326,3.5099999904633,0.0000000000000,0.0000000000000,0.0000000000000,3.5099999904633,0,0,0,240,741,2246,2,439,459
4445114986,2016-05-02,6910,4.75,4.7500000000000,0.0000000000000,2.2100000381470,0.1899999976158,2.3499999046326,0,27,4,200,667,2336,1,502,542
4445114986,2016-05-03,7502,5.17999982833862,5.1799998283386,0.0000000000000,2.4800000190735,0.1099999994040,2.5799999237061,0,30,2,233,725,2421,2,417,450
4445114986,2016-05-04,2923,1.96000003814697,1.9600000381470,0.0000000000000,0.0000000000000,0.0000000000000,1.9600000381470,0,0,0,180,897,2070,2,337,363
4445114986,2016-05-05,3800,2.54999995231628,2.5499999523163,0.0000000000000,0.1199999973178,0.2399999946356,2.1800000667572,0,2,6,185,734,2120,2,462,513
4445114986,2016-05-06,4514,3.02999997138977,3.0299999713898,0.0000000000000,0.0000000000000,0.0000000000000,3.0299999713898,0,0,0,229,809,2211,2,374,402
4445114986,2016-05-07,5183,3.58999991416931,3.5899999141693,0.0000000000000,2.1300001144409,0.1899999976158,1.2500000000000,0,26,4,108,866,2123,2,401,436
4445114986,2016-05-08,7303,4.90000009536743,4.9000000953674,0.0000000000000,0.0000000000000,0.2500000000000,4.6500000953674,0,0,8,308,733,2423,1,361,391
4445114986,2016-05-09,5275,3.53999996185303,3.5399999618530,0.0000000000000,0.0000000000000,0.0000000000000,3.5399999618530,0,0,0,266,641,2281,1,457,533
4445114986,2016-05-10,3915,2.63000011444092,2.6300001144409,0.0000000000000,0.0000000000000,0.0000000000000,2.6300001144409,0,0,0,231,783,2181,1,405,426
4445114986,2016-05-11,9105,6.1100001335144,6.1100001335144,0.0000000000000,2.2500000000000,1.0000000000000,2.8599998950958,0,34,22,232,622,2499,1,499,530
4445114986,2016-05-12,768,0.519999980926514,0.5199999809265,0.0000000000000,0.0000000000000,0.0000000000000,0.5199999809265,0,0,0,58,380,1212,1,483,501
4558609924,2016-04-21,13743,9.07999992370605,9.0799999237061,0.0000000000000,0.4199999868870,0.9700000286102,7.6999998092651,0,6,21,432,844,2486,1,126,137
4558609924,2016-04-26,9148,6.05000019073486,6.0500001907349,0.0000000000000,0.4300000071526,2.0299999713898,3.5899999141693,0,12,41,283,1062,2223,1,103,121
4558609924,2016-04-29,7833,5.17999982833862,5.1799998283386,0.0000000000000,1.0199999809265,1.8500000238419,2.3099999427795,0,15,29,197,1096,1918,1,171,179
4558609924,2016-05-01,3428,2.26999998092651,2.2699999809265,0.0000000000000,0.0000000000000,0.0000000000000,2.2699999809265,0,0,0,190,1121,1692,1,115,129
4558609924,2016-05-08,6543,4.32999992370605,4.3299999237061,0.0000000000000,1.7999999523163,0.5000000000000,2.0199999809265,0,66,35,238,1019,2666,1,123,134
4702921684,2016-04-12,7213,5.88000011444092,5.8800001144409,0.0000000000000,0.0000000000000,0.0000000000000,5.8499999046326,0,0,0,263,718,2947,1,425,439
4702921684,2016-04-13,6877,5.57999992370605,5.5799999237061,0.0000000000000,0.0000000000000,0.0000000000000,5.5799999237061,0,0,0,258,777,2898,2,400,430
4702921684,2016-04-14,7860,6.36999988555908,6.3699998855591,0.0000000000000,0.0000000000000,0.0000000000000,6.3699998855591,0,0,0,271,772,2984,1,384,415
4702921684,2016-04-15,6506,5.28000020980835,5.2800002098084,0.0000000000000,0.0700000002980,0.4199999868870,4.7899999618530,0,1,8,256,944,2896,1,253,257
4702921684,2016-04-16,11140,9.02999973297119,9.0299997329712,0.0000000000000,0.2399999946356,1.2500000000000,7.5399999618530,0,3,24,335,556,3328,2,382,406
4702921684,2016-04-17,12692,10.289999961853,10.2899999618530,0.0000000000000,0.9599999785423,3.4600000381470,5.8800001144409,0,12,66,302,437,3394,1,591,612
4702921684,2016-04-18,9105,7.38000011444092,7.3800001144409,0.0000000000000,1.8200000524521,1.4900000095367,4.0700001716614,0,22,30,191,890,3013,1,293,312
4702921684,2016-04-19,6708,5.44000005722046,5.4400000572205,0.0000000000000,0.8799999952316,0.3700000047684,4.1900000572205,0,10,8,179,757,2812,1,457,487
4702921684,2016-04-20,8793,7.13000011444092,7.1300001144409,0.0000000000000,0.1599999964237,1.2300000190735,5.7300000190735,0,2,29,260,717,3061,1,454,468
4702921684,2016-04-21,6530,5.30000019073486,5.3000001907349,0.0000000000000,0.3100000023842,2.0499999523163,2.9400000572205,0,4,41,144,901,2729,1,425,434
4702921684,2016-04-23,15126,12.2700004577637,12.2700004577637,0.0000000000000,0.7599999904633,3.2400000095367,8.2700004577637,0,9,66,408,469,3691,1,465,475
4702921684,2016-04-24,15050,12.2200002670288,12.2200002670288,0.0000000000000,1.2000000476837,5.1199998855591,5.8800001144409,0,15,95,281,542,3538,1,480,506
4702921684,2016-04-25,9167,7.42999982833862,7.4299998283386,0.0000000000000,0.4900000095367,0.8199999928474,6.1100001335144,0,6,15,270,730,3064,1,370,380
4702921684,2016-04-26,6108,4.94999980926514,4.9499998092651,0.0000000000000,0.0700000002980,0.3499999940395,4.5399999618530,0,1,8,216,765,2784,1,421,429
4702921684,2016-04-27,7047,5.71999979019165,5.7199997901917,0.0000000000000,0.0900000035763,0.8000000119209,4.7800002098084,0,1,16,238,733,2908,1,432,449
4702921684,2016-04-28,9023,7.32000017166138,7.3200001716614,0.0000000000000,1.1299999952316,0.4199999868870,5.7699999809265,0,14,9,232,738,3033,1,442,461
4702921684,2016-04-29,9930,8.05000019073486,8.0500001907349,0.0000000000000,1.0599999427795,0.9200000166893,6.0700001716614,0,12,19,267,692,3165,1,433,447
4702921684,2016-04-30,10144,8.22999954223633,8.2299995422363,0.0000000000000,0.3199999928474,2.0299999713898,5.8800001144409,0,4,36,263,728,3115,1,479,501
4702921684,2016-05-03,9454,7.67000007629395,7.6700000762940,0.0000000000000,0.0000000000000,0.0000000000000,7.6700000762940,0,0,0,313,729,3145,1,327,373
4702921684,2016-05-04,8161,6.61999988555908,6.6199998855591,0.0000000000000,0.3400000035763,0.7300000190735,5.5399999618530,0,4,15,251,757,3004,1,412,434
4702921684,2016-05-05,8614,6.98999977111816,6.9899997711182,0.0000000000000,0.6700000166893,0.2199999988079,6.0900001525879,0,8,5,241,745,3006,1,414,428
4702921684,2016-05-06,6943,5.63000011444092,5.6300001144409,0.0000000000000,0.0799999982119,0.6600000262260,4.8699998855591,0,1,16,207,682,2859,1,404,449
4702921684,2016-05-07,14370,11.6499996185303,11.6499996185303,0.0000000000000,0.3700000047684,2.3099999427795,8.9700002670288,0,5,46,439,577,3683,1,520,543
4702921684,2016-05-07,14370,11.6499996185303,11.6499996185303,0.0000000000000,0.3700000047684,2.3099999427795,8.9700002670288,0,5,46,439,577,3683,1,520,543
4702921684,2016-05-09,8232,6.67999982833862,6.6799998283386,0.0000000000000,0.0000000000000,0.5699999928474,6.0999999046326,0,0,12,253,746,2990,1,435,458
4702921684,2016-05-10,10613,8.60999965667725,8.6099996566773,0.0000000000000,0.0799999982119,1.8799999952316,6.6500000953674,0,1,37,262,701,3172,1,416,431
4702921684,2016-05-11,9810,7.96000003814697,7.9600000381470,0.0000000000000,0.7799999713898,2.1600000858307,4.9800000190735,0,10,41,235,784,3069,1,354,366
4702921684,2016-05-12,2752,2.23000001907349,2.2300000190735,0.0000000000000,0.0000000000000,0.0000000000000,2.2300000190735,0,0,0,68,241,1240,1,404,442
5553957443,2016-04-12,11596,7.57000017166138,7.5700001716614,0.0000000000000,1.3700000047684,0.7900000214577,5.4099998474121,0,19,13,277,767,2026,1,441,464
5553957443,2016-04-13,4832,3.16000008583069,3.1600000858307,0.0000000000000,0.0000000000000,0.0000000000000,3.1600000858307,0,0,0,226,647,1718,2,455,488
5553957443,2016-04-14,17022,11.1199998855591,11.1199998855591,0.0000000000000,4.0000000000000,2.4500000476837,4.6700000762940,0,61,41,256,693,2324,1,357,418
5553957443,2016-04-15,16556,10.8599996566772,10.8599996566772,0.0000000000000,4.1599998474121,1.9800000190735,4.7100000381470,0,58,38,239,689,2254,1,377,409
5553957443,2016-04-16,5771,3.76999998092651,3.7699999809265,0.0000000000000,0.0000000000000,0.0000000000000,3.7699999809265,0,0,0,288,521,1831,2,651,686
5553957443,2016-04-17,655,0.430000007152557,0.4300000071526,0.0000000000000,0.0000000000000,0.0000000000000,0.4300000071526,0,0,0,46,943,1397,1,350,402
5553957443,2016-04-18,3727,2.4300000667572,2.4300000667572,0.0000000000000,0.0000000000000,0.0000000000000,2.4300000667572,0,0,0,206,622,1683,2,520,541
5553957443,2016-04-19,15482,10.1099996566772,10.1099996566772,0.0000000000000,4.2800002098084,1.6599999666214,4.1799998283386,0,69,28,249,756,2284,1,357,410
5553957443,2016-04-20,2713,1.76999998092651,1.7699999809265,0.0000000000000,0.0000000000000,0.0000000000000,1.7699999809265,0,0,0,148,598,1570,1,658,678
5553957443,2016-04-21,12346,8.0600004196167,8.0600004196167,0.0000000000000,2.9500000476837,2.1600000858307,2.9600000381470,0,47,42,177,801,2066,1,399,431
5553957443,2016-04-22,11682,7.63000011444092,7.6300001144409,0.0000000000000,1.3799999952316,0.6299999952316,5.5999999046326,0,25,16,270,781,2105,1,322,353
5553957443,2016-04-23,4112,2.69000005722046,2.6900000572205,0.0000000000000,0.0000000000000,0.0000000000000,2.6800000667572,0,0,0,272,443,1776,2,631,725
5553957443,2016-04-24,1807,1.17999994754791,1.1799999475479,0.0000000000000,0.0000000000000,0.0000000000000,1.1799999475479,0,0,0,104,582,1507,2,553,640
5553957443,2016-04-25,10946,7.19000005722046,7.1900000572205,0.0000000000000,2.9300000667572,0.5699999928474,3.6900000572205,0,51,11,201,732,2033,1,433,468
5553957443,2016-04-26,11886,7.76000022888184,7.7600002288818,0.0000000000000,2.3699998855591,0.9300000071526,4.4600000381470,0,40,18,238,750,2093,1,412,453
5553957443,2016-04-27,10538,6.88000011444092,6.8800001144409,0.0000000000000,1.1399999856949,1.0000000000000,4.7399997711182,0,16,16,206,745,1922,1,347,391
5553957443,2016-04-28,11393,7.63000011444092,7.6300001144409,0.0000000000000,3.7100000381470,0.7500000000000,3.1700000762940,0,49,13,165,727,1999,1,421,457
5553957443,2016-04-29,12764,8.32999992370605,8.3299999237061,0.0000000000000,2.7899999618530,0.6399999856949,4.9099998474121,0,46,15,270,709,2169,1,450,495
5553957443,2016-04-30,1202,0.779999971389771,0.7799999713898,0.0000000000000,0.0000000000000,0.0000000000000,0.7799999713898,0,0,0,84,506,1463,2,775,843
5553957443,2016-05-01,5164,3.36999988555908,3.3699998855591,0.0000000000000,0.0000000000000,0.0000000000000,3.3699998855591,0,0,0,237,436,1747,2,622,686
5553957443,2016-05-02,9769,6.38000011444092,6.3800001144409,0.0000000000000,1.0599999427795,0.4099999964237,4.9000000953674,0,23,9,227,724,1996,1,409,471
5553957443,2016-05-03,12848,8.39000034332275,8.3900003433228,0.0000000000000,1.5000000000000,1.2000000476837,5.6799998283386,0,26,29,247,812,2116,1,380,429
5553957443,2016-05-04,4249,2.76999998092651,2.7699999809265,0.0000000000000,0.0000000000000,0.0000000000000,2.7699999809265,0,0,0,224,651,1698,1,447,470
5553957443,2016-05-05,14331,9.51000022888184,9.5100002288818,0.0000000000000,3.4300000667572,1.6599999666214,4.4299998283386,0,44,29,241,692,2156,1,419,464
5553957443,2016-05-06,9632,6.28999996185303,6.2899999618530,0.0000000000000,1.5199999809265,0.5400000214577,4.2300000190735,0,21,9,229,761,1916,1,400,434
5553957443,2016-05-07,1868,1.22000002861023,1.2200000286102,0.0000000000000,0.0000000000000,0.0000000000000,1.2200000286102,0,0,0,96,902,1494,1,442,470
5553957443,2016-05-08,6083,4,4.0000000000000,0.0000000000000,0.2199999988079,0.4699999988079,3.2999999523163,0,3,8,210,505,1762,1,568,608
5553957443,2016-05-09,11611,7.57999992370605,7.5799999237061,0.0000000000000,2.1300001144409,0.8899999856949,4.5599999427795,0,59,22,251,667,2272,1,453,494
5553957443,2016-05-10,16358,10.710000038147,10.7100000381470,0.0000000000000,3.8699998855591,1.6100000143051,5.1999998092651,0,61,40,265,707,2335,1,418,443
5553957443,2016-05-11,4926,3.22000002861023,3.2200000286102,0.0000000000000,0.0000000000000,0.0000000000000,3.2200000286102,0,0,0,195,628,1693,1,463,486
5553957443,2016-05-12,3121,2.03999996185303,2.0399999618530,0.0000000000000,0.5799999833107,0.4000000059605,1.0599999427795,0,8,6,48,222,741,1,438,475
5577150313,2016-04-12,8135,6.07999992370605,6.0799999237061,0.0000000000000,3.5999999046326,0.3799999952316,2.0999999046326,0,86,16,140,728,3405,1,419,438
5577150313,2016-04-13,5077,3.78999996185303,3.7899999618530,0.0000000000000,0.3199999928474,0.2199999988079,3.2500000000000,0,15,11,144,776,2551,1,432,458
5577150313,2016-04-14,8596,6.42000007629395,6.4200000762940,0.0000000000000,3.3299999237061,0.3100000023842,2.7799999713898,0,118,30,176,662,4022,1,477,497
5577150313,2016-04-15,12087,9.07999992370605,9.0799999237061,0.0000000000000,3.9200000762940,1.6000000238419,3.5599999427795,0,115,54,199,695,4005,1,392,413
5577150313,2016-04-16,14269,10.6599998474121,10.6599998474121,0.0000000000000,6.6399998664856,1.2799999713898,2.7300000190735,0,184,56,158,472,4274,1,406,445
5577150313,2016-04-17,12231,9.14000034332275,9.1400003433228,0.0000000000000,5.9800000190735,0.8299999833107,2.3199999332428,0,200,37,159,525,4552,1,549,583
5577150313,2016-04-18,9893,7.3899998664856,7.3899998664856,0.0000000000000,4.8600001335144,0.7200000286102,1.8200000524521,0,114,32,130,623,3625,1,527,553
5577150313,2016-04-19,12574,9.42000007629395,9.4200000762940,0.0000000000000,7.0199999809265,0.6399999856949,1.7599999904633,0,108,23,111,733,3501,1,449,465
5577150313,2016-04-20,8330,6.21999979019165,6.2199997901917,0.0000000000000,4.1199998855591,0.3400000035763,1.7599999904633,0,87,16,113,773,3192,1,447,480
5577150313,2016-04-21,10830,8.09000015258789,8.0900001525879,0.0000000000000,3.6500000953674,1.6599999666214,2.7799999713898,0,110,74,175,670,4018,1,414,437
5577150313,2016-04-22,9172,6.84999990463257,6.8499999046326,0.0000000000000,2.4200000762940,0.7900000214577,3.2999999523163,0,62,30,200,823,3329,1,338,366
5577150313,2016-04-23,7638,5.71000003814697,5.7100000381470,0.0000000000000,1.2100000381470,0.3600000143051,4.1399998664856,0,24,24,223,627,3152,1,384,402
5577150313,2016-04-24,15764,11.7799997329712,11.7799997329712,0.0000000000000,7.6500000953674,2.1500000953674,1.9800000190735,0,210,65,141,425,4392,1,543,615
5577150313,2016-04-25,6393,4.78000020980835,4.7800002098084,0.0000000000000,1.3500000238419,0.6700000166893,2.7599999904633,0,61,38,214,743,3374,1,421,461
5577150313,2016-04-26,5325,3.98000001907349,3.9800000190735,0.0000000000000,0.8500000238419,0.6499999761581,2.4700000286102,0,38,32,181,759,3088,1,354,377
5577150313,2016-04-27,6805,5.1399998664856,5.1399998664856,0.0000000000000,1.8099999427795,0.4000000059605,2.9300000667572,0,63,16,190,773,3294,1,424,452
5577150313,2016-04-28,9841,7.42999982833862,7.4299998283386,0.0000000000000,3.2500000000000,1.1699999570847,3.0099999904633,0,99,51,141,692,3580,1,361,372
5577150313,2016-04-29,7924,5.92000007629395,5.9200000762940,0.0000000000000,2.8399999141693,0.6100000143051,2.4700000286102,0,97,36,165,739,3544,1,459,485
5577150313,2016-04-30,12363,9.23999977111816,9.2399997711182,0.0000000000000,5.8299999237061,0.7900000214577,2.6099998950958,0,207,45,163,621,4501,1,412,433
5577150313,2016-05-01,13368,9.98999977111816,9.9899997711182,0.0000000000000,5.3099999427795,1.4400000572205,3.2400000095367,0,194,72,178,499,4546,1,379,398
5577150313,2016-05-02,7439,5.55999994277954,5.5599999427795,0.0000000000000,1.1200000047684,0.3499999940395,4.0700001716614,0,37,20,235,732,3014,2,525,553
5577150313,2016-05-03,11045,8.25,8.2500000000000,0.0000000000000,4.5199999809265,0.1500000059605,3.5699999332428,0,97,8,212,580,3795,1,508,543
5577150313,2016-05-04,5206,3.89000010490417,3.8900001049042,0.0000000000000,1.5599999427795,0.2500000000000,2.0799999237061,0,25,9,141,631,2755,1,603,634
5577150313,2016-05-05,7550,5.6399998664856,5.6399998664856,0.0000000000000,2.5000000000000,0.4699999988079,2.6700000762940,0,45,21,143,1153,3004,1,74,78
5577150313,2016-05-10,8869,6.65000009536743,6.6500000953674,0.0000000000000,2.5599999427795,0.7500000000000,3.3499999046326,0,104,37,194,639,3841,1,504,562
5577150313,2016-05-11,4038,3.03999996185303,3.0399999618530,0.0000000000000,1.8300000429153,0.3000000119209,0.8899999856949,0,45,15,63,257,1665,1,431,476
6117666160,2016-04-16,14450,10.9099998474121,10.9099998474121,0.0000000000000,0.5799999833107,0.8500000238419,9.4799995422363,0,7,15,518,502,2828,1,380,398
6117666160,2016-04-17,7150,5.40000009536743,5.4000000953674,0.0000000000000,0.0000000000000,0.0000000000000,5.4000000953674,0,0,0,312,702,2225,2,336,350
6117666160,2016-04-18,5153,3.91000008583069,3.9100000858307,0.0000000000000,0.0000000000000,0.0000000000000,3.8900001049042,0,0,0,241,759,2018,2,493,510
6117666160,2016-04-19,11135,8.40999984741211,8.4099998474121,0.0000000000000,0.0000000000000,0.0000000000000,8.4099998474121,0,0,0,480,425,2606,1,465,492
6117666160,2016-04-20,10449,8.02000045776367,8.0200004577637,0.0000000000000,2.0299999713898,0.4799999892712,5.5199999809265,0,26,10,349,587,2536,1,474,502
6117666160,2016-04-21,19542,15.0100002288818,15.0100002288818,0.0000000000000,0.9800000190735,0.4000000059605,5.6199998855591,0,11,19,294,579,4900,1,508,550
6117666160,2016-04-22,8206,6.19999980926514,6.1999998092651,0.0000000000000,0.0000000000000,0.0000000000000,6.1999998092651,0,0,0,402,413,2409,1,480,546
6117666160,2016-04-23,11495,8.68000030517578,8.6800003051758,0.0000000000000,0.0000000000000,0.0000000000000,8.6800003051758,0,0,0,512,468,2651,1,492,539
6117666160,2016-04-24,7623,5.76000022888184,5.7600002288818,0.0000000000000,0.0000000000000,0.0000000000000,5.7600002288818,0,0,0,362,711,2305,1,353,367
6117666160,2016-04-27,9411,7.1100001335144,7.1100001335144,0.0000000000000,0.0000000000000,0.0000000000000,7.1100001335144,0,0,0,458,417,2576,1,542,557
6117666160,2016-04-28,3403,2.59999990463257,2.5999999046326,0.0000000000000,0.0000000000000,0.0000000000000,2.5999999046326,0,0,0,141,758,1879,1,393,416
6117666160,2016-04-29,9592,7.23999977111816,7.2399997711182,0.0000000000000,0.0000000000000,0.0000000000000,7.2399997711182,0,0,0,461,479,2560,1,600,636
6117666160,2016-05-01,8915,6.73000001907349,6.7300000190735,0.0000000000000,0.0000000000000,0.0000000000000,6.7300000190735,0,0,0,397,525,2361,1,507,575
6117666160,2016-05-05,9799,7.40000009536743,7.4000000953674,0.0000000000000,0.0000000000000,0.0000000000000,7.4000000953674,0,0,0,487,479,2636,1,392,415
6117666160,2016-05-06,3365,2.6800000667572,2.6800000667572,0.0000000000000,0.0000000000000,0.0000000000000,2.6800000667572,0,0,0,133,673,1838,2,658,698
6117666160,2016-05-07,7336,5.53999996185303,5.5399999618530,0.0000000000000,0.0000000000000,0.0000000000000,5.5399999618530,0,0,0,412,456,2469,2,498,507
6117666160,2016-05-08,7328,5.53000020980835,5.5300002098084,0.0000000000000,0.0000000000000,0.0000000000000,5.5300002098084,0,0,0,318,517,2250,1,555,603
6117666160,2016-05-09,4477,3.38000011444092,3.3800001144409,0.0000000000000,0.0000000000000,0.0000000000000,3.3800001144409,0,0,0,197,125,1248,1,492,522
6775888955,2016-04-13,4053,2.91000008583069,2.9100000858307,0.0000000000000,1.1100000143051,0.5799999833107,1.2200000286102,0,17,18,85,1053,2400,1,235,260
6775888955,2016-04-14,5162,3.70000004768372,3.7000000476837,0.0000000000000,0.8700000047684,0.8600000143051,1.9700000286102,0,14,24,105,863,2507,1,423,441
6775888955,2016-04-15,1282,0.920000016689301,0.9200000166893,0.0000000000000,0.0000000000000,0.0000000000000,0.9200000166893,0,0,0,58,976,2127,1,391,406
6962181067,2016-04-12,10199,6.73999977111816,6.7399997711182,0.0000000000000,3.4000000953674,0.8299999833107,2.5099999904633,0,50,14,189,796,1994,1,366,387
6962181067,2016-04-13,5652,3.74000000953674,3.7400000095367,0.0000000000000,0.5699999928474,1.2100000381470,1.9600000381470,0,8,24,142,548,1718,3,630,679
6962181067,2016-04-14,1551,1.02999997138977,1.0299999713898,0.0000000000000,0.0000000000000,0.0000000000000,1.0299999713898,0,0,0,86,862,1466,2,508,535
6962181067,2016-04-15,5563,3.6800000667572,3.6800000667572,0.0000000000000,0.0000000000000,0.0000000000000,3.6800000667572,0,0,0,217,837,1756,1,370,386
6962181067,2016-04-16,13217,8.73999977111816,8.7399997711182,0.0000000000000,3.6600000858307,0.1899999976158,4.8800001144409,0,50,3,280,741,2173,1,357,366
6962181067,2016-04-17,10145,6.71000003814697,6.7100000381470,0.0000000000000,0.3300000131130,0.6800000071526,5.6900000572205,0,5,13,295,634,2027,1,427,446
6962181067,2016-04-18,11404,7.53999996185303,7.5399999618530,0.0000000000000,0.8299999833107,2.3900001049042,4.3200001716614,0,13,42,238,689,2039,1,442,458
6962181067,2016-04-19,10742,7.09999990463257,7.0999999046326,0.0000000000000,2.0999999046326,2.1300001144409,2.8699998855591,0,35,41,195,659,2046,1,476,535
6962181067,2016-04-20,13928,9.55000019073486,9.5500001907349,0.0000000000000,4.2800002098084,0.1899999976158,5.0900001525879,0,48,4,297,639,2174,1,418,424
6962181067,2016-04-21,11835,9.71000003814697,7.8800001144409,4.0816922187805,3.9900000095367,2.0999999046326,3.5099999904633,0,53,27,214,708,2179,1,451,457
6962181067,2016-04-22,10725,7.09000015258789,7.0900001525879,0.0000000000000,1.7699999809265,1.5499999523163,3.7699999809265,0,30,33,240,659,2086,1,425,435
6962181067,2016-04-23,20031,13.2399997711182,13.2399997711182,0.0000000000000,4.1999998092651,2.0000000000000,7.0399999618530,0,58,41,347,484,2571,1,528,546
6962181067,2016-04-24,5029,3.3199999332428,3.3199999332428,0.0000000000000,0.0000000000000,0.0000000000000,3.3199999332428,0,0,0,199,720,1705,1,511,514
6962181067,2016-04-25,13239,9.27000045776367,9.0799999237061,2.7851750850678,3.0199999809265,1.6799999475479,4.4600000381470,0,35,31,282,637,2194,1,400,415
6962181067,2016-04-26,10433,6.90000009536743,6.9000000953674,0.0000000000000,2.5799999237061,0.4199999868870,3.9000000953674,0,36,7,254,680,2012,1,441,446
6962181067,2016-04-27,10320,6.82000017166138,6.8200001716614,0.0000000000000,0.5500000119209,2.0199999809265,4.2500000000000,0,7,38,279,697,2034,1,455,467
6962181067,2016-04-28,12627,8.35000038146973,8.3500003814697,0.0000000000000,2.5099999904633,0.2399999946356,5.5900001525879,0,38,8,288,621,2182,1,440,453
6962181067,2016-04-29,10762,7.1100001335144,7.1100001335144,0.0000000000000,0.8199999928474,0.4799999892712,5.8099999427795,0,12,15,369,645,2254,1,433,447
6962181067,2016-04-30,10081,6.65999984741211,6.6599998474121,0.0000000000000,2.2400000095367,0.7599999904633,3.6700000762940,0,32,16,237,731,2002,1,422,424
6962181067,2016-05-01,5454,3.60999989509583,3.6099998950958,0.0000000000000,0.0000000000000,0.0000000000000,3.6099998950958,0,0,0,215,722,1740,1,411,426
6962181067,2016-05-02,12912,8.53999996185303,8.5399999618530,0.0000000000000,1.2000000476837,2.0000000000000,5.3400001525879,0,18,39,313,655,2162,1,466,482
6962181067,2016-05-03,12109,8.11999988555908,8.1199998855591,0.0000000000000,1.7400000095367,2.0399999618530,4.3299999237061,0,21,36,267,654,2072,1,394,418
6962181067,2016-05-04,10147,6.71000003814697,6.7100000381470,0.0000000000000,0.4699999988079,1.6799999475479,4.5500001907349,0,15,36,284,683,2086,1,442,455
6962181067,2016-05-05,10524,6.96000003814697,6.9600000381470,0.0000000000000,0.9900000095367,1.1599999666214,4.8099999427795,0,14,22,305,591,2066,1,467,491
6962181067,2016-05-06,5908,3.91000008583069,3.9100000858307,0.0000000000000,0.0000000000000,0.0000000000000,3.9100000858307,0,0,0,299,717,1850,1,443,462
6962181067,2016-05-07,6815,4.5,4.5000000000000,0.0000000000000,0.0000000000000,0.0000000000000,4.5000000000000,0,0,0,328,745,1947,1,298,334
6962181067,2016-05-08,4188,2.76999998092651,2.7699999809265,0.0000000000000,0.0000000000000,0.5199999809265,2.2500000000000,0,0,14,151,709,1659,1,541,569
6962181067,2016-05-09,12342,8.72000026702881,8.6800003051758,3.1678218841553,3.9000000953674,1.1799999475479,3.6500000953674,0,43,21,231,607,2105,1,489,497
6962181067,2016-05-10,15448,10.210000038147,10.2100000381470,0.0000000000000,3.4700000286102,1.7500000000000,4.9899997711182,0,62,34,275,626,2361,1,469,481
6962181067,2016-05-11,6722,4.44000005722046,4.4400000572205,0.0000000000000,1.4900000095367,0.3100000023842,2.6500000953674,0,24,7,199,709,1855,1,452,480
6962181067,2016-05-12,3587,2.36999988555908,2.3699998855591,0.0000000000000,0.0000000000000,0.2500000000000,2.1099998950958,0,0,8,105,127,928,1,516,535
7007744171,2016-04-16,4631,3.09999990463257,3.0999999046326,0.0000000000000,0.0000000000000,0.0000000000000,3.0999999046326,0,0,0,203,1155,2076,1,79,82
7007744171,2016-05-01,5600,3.75,3.7500000000000,0.0000000000000,0.0000000000000,0.0000000000000,3.7500000000000,0,0,0,237,1142,2225,1,58,61
7086361926,2016-04-12,11317,8.40999984741211,8.4099998474121,0.0000000000000,5.2699999809265,0.1500000059605,2.9700000286102,0,59,6,153,745,2772,1,514,525
7086361926,2016-04-13,5813,3.61999988555908,3.6199998855591,0.0000000000000,0.5600000023842,0.2099999934435,2.8399999141693,0,31,26,155,744,2516,1,451,465
7086361926,2016-04-14,9123,6.11999988555908,6.1199998855591,0.0000000000000,2.0299999713898,0.3300000131130,3.6600000858307,0,35,32,189,787,2734,1,472,476
7086361926,2016-04-15,8585,5.67000007629395,5.6700000762940,0.0000000000000,2.0399999618530,1.1100000143051,2.5299999713898,0,30,21,139,864,2395,1,377,386
7086361926,2016-04-19,10688,7.28999996185303,7.2899999618530,0.0000000000000,3.5299999713898,1.2300000190735,2.5099999904633,0,67,69,124,671,2944,1,472,483
7086361926,2016-04-20,14365,10.6400003433228,10.6400003433228,0.0000000000000,7.6399998664856,0.4499999880791,2.5399999618530,0,87,13,145,797,2997,1,492,502
7086361926,2016-04-21,9469,6.17999982833862,6.1799998283386,0.0000000000000,1.3600000143051,0.3000000119209,4.5100002288818,0,19,6,206,758,2463,1,390,411
7086361926,2016-04-22,9753,6.53000020980835,6.5300002098084,0.0000000000000,2.8699998855591,0.9700000286102,2.6700000762940,0,58,59,153,762,2846,1,428,448
7086361926,2016-04-24,3520,2.16000008583069,2.1600000858307,0.0000000000000,0.0000000000000,0.0000000000000,2.1500000953674,0,0,0,125,566,2049,1,681,704
7086361926,2016-04-25,10091,6.82000017166138,6.8200001716614,0.0000000000000,3.7500000000000,0.6999999880791,2.3699998855591,0,69,39,129,706,2752,1,446,447
7086361926,2016-04-26,10387,7.07000017166138,7.0700001716614,0.0000000000000,4.1599998474121,0.7699999809265,2.1199998855591,0,70,33,132,726,2781,1,485,500
7086361926,2016-04-27,11107,8.34000015258789,8.3400001525879,0.0000000000000,5.6300001144409,0.1800000071526,2.5299999713898,0,55,6,145,829,2693,1,469,479
7086361926,2016-04-28,11584,7.80000019073486,7.8000001907349,0.0000000000000,2.7899999618530,1.6399999856949,3.3599998950958,0,54,48,161,810,2862,1,354,367
7086361926,2016-04-30,14560,9.40999984741211,9.4099998474121,0.0000000000000,3.1199998855591,1.0399999618530,5.2399997711182,0,42,17,308,584,2995,1,485,489
7086361926,2016-05-01,12390,8.06999969482422,8.0699996948242,0.0000000000000,2.2999999523163,0.8999999761581,4.8499999046326,0,30,15,258,685,2730,1,388,407
7086361926,2016-05-02,10052,6.80999994277954,6.8099999427795,0.0000000000000,3.4800000190735,0.6600000262260,2.6600000858307,0,66,26,139,737,2754,1,440,459
7086361926,2016-05-03,10288,6.76000022888184,6.7600002288818,0.0000000000000,2.7400000095367,0.8500000238419,3.1600000858307,0,57,36,152,761,2754,1,456,461
7086361926,2016-05-04,10988,8.3100004196167,8.3100004196167,0.0000000000000,5.2800002098084,0.1199999973178,2.9000000953674,0,45,12,135,843,2655,1,420,436
7086361926,2016-05-06,12461,8.38000011444092,8.3800001144409,0.0000000000000,3.8199999332428,1.4299999475479,3.1199998855591,0,84,35,154,834,2924,1,322,333
7086361926,2016-05-07,12827,8.47999954223633,8.4799995422363,0.0000000000000,1.4600000381470,2.3299999237061,4.6799998283386,0,20,42,209,621,2739,1,530,548
7086361926,2016-05-08,10677,7.09999990463257,7.0999999046326,0.0000000000000,2.3099999427795,1.5299999713898,3.2500000000000,0,32,27,147,695,2534,1,481,510
7086361926,2016-05-09,13566,9.10999965667725,9.1099996566773,0.0000000000000,4.2600002288818,1.7100000381470,3.1199998855591,0,67,50,171,743,2960,1,427,438
7086361926,2016-05-11,9572,6.51999998092651,6.5199999809265,0.0000000000000,2.8900001049042,1.3899999856949,2.2300000190735,0,57,40,128,757,2735,1,451,463
7086361926,2016-05-12,3789,2.55999994277954,2.5599999427795,0.0000000000000,0.3799999952316,0.2700000107288,1.8899999856949,0,5,4,58,343,1199,1,444,457
8053475328,2016-04-20,15108,12.1899995803833,12.1899995803833,0.0000000000000,9.5799999237061,0.2300000041723,2.3800001144409,0,89,5,158,695,3043,1,486,493
8053475328,2016-04-23,22359,17.1900005340576,17.1900005340576,0.0000000000000,12.5399999618530,0.6299999952316,4.0199999809265,0,125,14,223,741,3554,1,331,337
8053475328,2016-05-07,19769,15.6700000762939,15.6700000762939,0.0000000000000,12.4399995803833,0.8799999952316,2.3499999046326,0,121,20,148,1076,3331,1,74,75
8378563200,2016-04-12,7626,6.05000019073486,6.0500001907349,2.2530810832977,0.8299999833107,0.7099999785423,4.5000000000000,0,65,15,156,723,3635,1,338,356
8378563200,2016-04-13,12386,9.81999969482422,9.8199996948242,2.0921471118927,4.9600000381470,0.6499999761581,4.2100000381470,0,116,14,169,680,4079,2,447,487
8378563200,2016-04-14,13318,10.5600004196167,10.5600004196167,2.2530810832977,5.6199998855591,1.0299999713898,3.9100000858307,0,123,21,174,699,4163,1,424,455
8378563200,2016-04-15,14461,11.4700002670288,11.4700002670288,0.0000000000000,4.9099998474121,1.1499999761581,5.4099998474121,0,60,23,190,729,3666,1,513,533
8378563200,2016-04-16,11207,8.89000034332275,8.8900003433228,0.0000000000000,5.3699998855591,1.0700000524521,2.4400000572205,0,64,21,142,563,3363,2,611,689
8378563200,2016-04-17,2132,1.69000005722046,1.6900000572205,0.0000000000000,0.0000000000000,0.0000000000000,1.6900000572205,0,0,0,93,599,2572,2,525,591
8378563200,2016-04-18,13630,10.8100004196167,10.8100004196167,2.0921471118927,5.0500001907349,0.5600000023842,5.1999998092651,0,117,10,174,720,4157,1,398,451
8378563200,2016-04-19,13070,10.3599996566772,10.3599996566772,2.2530810832977,5.3000001907349,0.8799999952316,4.1799998283386,0,120,19,154,737,4092,1,387,421
8378563200,2016-04-20,9388,7.44000005722046,7.4400000572205,2.0921471118927,2.2300000190735,0.4399999976158,4.7800002098084,0,82,8,169,763,3787,1,381,409
8378563200,2016-04-21,15148,12.0100002288818,12.0100002288818,2.2530810832977,6.9000000953674,0.8199999928474,4.2899999618530,0,137,16,145,677,4236,1,396,417
8378563200,2016-04-22,12200,9.67000007629395,9.6700000762940,2.0921471118927,4.9099998474121,0.5899999737740,4.1799998283386,0,113,12,159,769,4044,1,441,469
8378563200,2016-04-23,5709,4.53000020980835,4.5300002098084,0.0000000000000,1.5199999809265,0.5199999809265,2.4800000190735,0,19,10,136,740,2908,1,565,591
8378563200,2016-04-24,3703,2.94000005722046,2.9400000572205,0.0000000000000,0.0000000000000,0.0000000000000,2.9400000572205,0,0,0,135,734,2741,1,458,492
8378563200,2016-04-25,12405,9.84000015258789,9.8400001525879,2.0921471118927,5.0500001907349,0.8700000047684,3.9200000762940,0,117,16,141,692,4005,1,388,402
8378563200,2016-04-25,12405,9.84000015258789,9.8400001525879,2.0921471118927,5.0500001907349,0.8700000047684,3.9200000762940,0,117,16,141,692,4005,1,388,402
8378563200,2016-04-26,16208,12.8500003814697,12.8500003814697,0.0000000000000,7.5100002288818,0.9200000166893,4.4200000762940,0,90,18,161,593,3763,1,550,584
8378563200,2016-04-27,7359,5.84000015258789,5.8400001525879,0.0000000000000,0.3300000131130,0.1800000071526,5.3299999237061,0,4,4,192,676,3061,1,531,600
8378563200,2016-04-28,5417,4.30000019073486,4.3000001907349,0.0000000000000,0.8999999761581,0.4900000095367,2.9100000858307,0,11,10,139,711,2884,1,506,556
8378563200,2016-04-29,6175,4.90000009536743,4.9000000953674,0.0000000000000,0.2500000000000,0.3600000143051,4.2699999809265,0,3,7,172,767,2982,1,527,562
8378563200,2016-04-30,2946,2.33999991416931,2.3399999141693,0.0000000000000,0.0000000000000,0.0000000000000,2.3399999141693,0,0,0,121,780,2660,1,468,555
8378563200,2016-05-01,11419,9.0600004196167,9.0600004196167,0.0000000000000,6.0300002098084,0.5600000023842,2.4700000286102,0,71,10,127,669,3369,1,475,539
8378563200,2016-05-02,6064,4.80999994277954,4.8099999427795,2.0921471118927,0.6299999952316,0.1700000017881,4.0100002288818,0,63,4,142,802,3491,1,351,385
8378563200,2016-05-03,8712,6.90999984741211,6.9099998474121,2.2530810832977,1.3400000333786,1.0599999427795,4.5000000000000,0,71,20,195,822,3784,1,405,429
8378563200,2016-05-04,7875,6.23999977111816,6.2399997711182,0.0000000000000,1.5599999427795,0.4900000095367,4.1999998092651,0,19,10,167,680,3110,1,441,477
8378563200,2016-05-05,8567,6.78999996185303,6.7899999618530,2.2530810832977,0.8899999856949,0.1599999964237,5.7399997711182,0,66,3,214,764,3783,1,381,417
8378563200,2016-05-06,7045,5.59000015258789,5.5900001525879,2.0921471118927,1.5499999523163,0.2500000000000,3.7799999713898,0,74,5,166,831,3644,1,323,355
8378563200,2016-05-07,4468,3.53999996185303,3.5399999618530,0.0000000000000,0.0000000000000,0.0000000000000,3.5399999618530,0,0,0,158,851,2799,2,459,513
8378563200,2016-05-08,2943,2.32999992370605,2.3299999237061,0.0000000000000,0.0000000000000,0.0000000000000,2.3299999237061,0,0,0,139,621,2685,1,545,606
8378563200,2016-05-09,8382,6.65000009536743,6.6500000953674,2.0921471118927,1.2699999809265,0.6600000262260,4.7199997901917,0,71,13,171,772,3721,1,359,399
8378563200,2016-05-10,6582,5.21999979019165,5.2199997901917,2.2530810832977,0.6600000262260,0.6399999856949,3.9200000762940,0,63,13,152,840,3586,1,342,391
8378563200,2016-05-11,9143,7.25,7.2500000000000,2.0921471118927,1.3899999856949,0.5899999737740,5.2699999809265,0,72,10,184,763,3788,1,368,387
8378563200,2016-05-12,4561,3.61999988555908,3.6199998855591,0.0000000000000,0.6499999761581,0.2700000107288,2.6900000572205,0,8,6,102,433,1976,1,496,546
8792009665,2016-04-12,2564,1.63999998569489,1.6399999856949,0.0000000000000,0.0000000000000,0.0000000000000,1.6399999856949,0,0,0,116,831,2044,1,458,493
8792009665,2016-04-13,1320,0.839999973773956,0.8399999737740,0.0000000000000,0.0000000000000,0.0000000000000,0.8399999737740,0,0,0,82,806,1934,1,531,552
8792009665,2016-04-14,1219,0.779999971389771,0.7799999713898,0.0000000000000,0.0000000000000,0.0000000000000,0.7799999713898,0,0,0,84,853,1963,1,486,503
8792009665,2016-04-15,2483,1.5900000333786,1.5900000333786,0.0000000000000,0.0000000000000,0.0000000000000,1.5900000333786,0,0,0,126,937,2009,1,363,377
8792009665,2016-04-20,3147,2.00999999046326,2.0099999904633,0.0000000000000,0.0000000000000,0.2800000011921,1.7400000095367,0,0,10,139,744,2188,1,528,547
8792009665,2016-04-22,4068,2.59999990463257,2.5999999046326,0.0000000000000,0.0500000007451,0.2800000011921,2.2699999809265,0,1,20,195,817,2419,1,391,407
8792009665,2016-04-23,5245,3.35999989509583,3.3599998950958,0.0000000000000,0.1599999964237,0.4399999976158,2.7500000000000,0,8,45,232,795,2748,1,339,360
8792009665,2016-04-27,1758,1.12999999523163,1.1299999952316,0.0000000000000,0.0000000000000,0.0000000000000,1.1299999952316,0,0,0,112,900,2067,1,423,428
8792009665,2016-04-28,6157,3.94000005722046,3.9400000572205,0.0000000000000,0.0000000000000,0.0000000000000,3.9400000572205,0,0,0,310,714,2780,1,402,416
8792009665,2016-04-29,8360,5.34999990463257,5.3499999046326,0.0000000000000,0.1400000005960,0.2800000011921,4.9299998283386,0,6,14,380,634,3101,1,398,406
8792009665,2016-04-30,7174,4.59000015258789,4.5900001525879,0.0000000000000,0.3300000131130,0.3600000143051,3.9100000858307,0,10,20,301,749,2896,1,343,360
8792009665,2016-05-01,1619,1.03999996185303,1.0399999618530,0.0000000000000,0.0000000000000,0.0000000000000,1.0399999618530,0,0,0,79,834,1962,1,503,527
8792009665,2016-05-02,1831,1.16999995708466,1.1699999570847,0.0000000000000,0.0000000000000,0.0000000000000,1.1699999570847,0,0,0,101,916,2015,1,415,423
8792009665,2016-05-03,2421,1.54999995231628,1.5499999523163,0.0000000000000,0.0000000000000,0.0000000000000,1.5499999523163,0,0,0,156,739,2297,1,516,545
8792009665,2016-05-04,2283,1.46000003814697,1.4600000381470,0.0000000000000,0.0000000000000,0.0000000000000,1.4600000381470,0,0,0,129,848,2067,1,439,463
